{
  "project_info": {
    "project_number": "27418554651",
    "project_id": "super-59d83",
    "storage_bucket": "super-59d83.appspot.com"
  },
  "client": [
    {
      "client_info": {
        "mobilesdk_app_id": "1:27418554651:android:83b71809d81544100063be",
        "android_client_info": {
          "package_name": "com.example.myapplication"
        }
      },
      "oauth_client": [
        {
          "client_id": "27418554651-vmv3n35cdeapiks7gc24t27nvvgin11u.apps.googleusercontent.com",
          "client_type": 3
        }
      ],
      "api_key": [
        {
          "current_key": "AIzaSyBGCN3fa1_CbVEbs84-wvpZHdaGEl7FKyc"
        }
      ],
      "services": {
        "appinvite_service": {
          "other_platform_oauth_client": [
            {
              "client_id": "27418554651-vmv3n35cdeapiks7gc24t27nvvgin11u.apps.googleusercontent.com",
              "client_type": 3
            }
          ]
        }
      }
    }
  ],
  "configuration_version": "1"
}